"Participant.Public.ID","Participant.Private.ID","country","goldmsi1.quantised","goldmsi3.quantised","goldmsi4.quantised","goldmsi7.quantised","goldmsi10.quantised","goldmsi12.quantised","goldmsi14.quantised","goldmsi15.quantised","goldmsi17.quantised","goldmsi19.quantised","goldmsi23.quantised","goldmsi24.quantised","goldmsi25.quantised","goldmsi27.quantised","goldmsi29.quantised","goldmsi32.quantised","goldmsi33.quantised","goldmsi35.quantised","goldmsi36.quantised","goldmsi37.quantised","q01.quantised","q02.quantised","q03.quantised","q04.quantised","q05.quantised","q06.quantised","q07.quantised","q08.quantised","q09.quantised","q10.quantised","q11.quantised","q12.quantised","q13.quantised","q14.quantised","q15.quantised","q16.quantised","q17.quantised","q18.quantised","q19.quantised","q20.quantised"
"00ozrxkb",10615428,"chinese",5,3,3,4,5,4,4,3,2,5,2,3,5,5,5,2,2,2,2,3,4,2,4,4,2,4,4,4,4,4,3,2,2,4,4,3,3,3,4,4
"01ngy9k2",10782624,"chinese",6,4,5,6,5,5,6,3,1,2,5,2,6,7,5,1,1,4,1,1,4,3,4,4,1,4,5,4,4,4,3,4,3,4,4,5,5,2,4,4
"086y0853",10615410,"chinese",5,6,6,2,3,1,4,3,2,1,3,2,6,7,2,1,3,1,1,1,5,1,5,4,1,5,4,4,5,4,4,2,4,5,5,5,4,2,4,5
"0rj5b2ip",10615301,"chinese",7,7,5,7,7,7,1,7,3,5,2,7,1,1,7,2,4,1,5,3,5,1,5,5,1,5,5,5,5,5,3,3,5,5,5,5,5,5,5,5
"12w4b7xr",10747920,"chinese",7,7,6,7,6,7,1,7,1,7,1,6,1,1,7,2,3,3,3,2,5,1,5,1,1,5,4,5,5,4,5,5,5,4,5,5,5,4,5,5
"130mtdx5",10749093,"chinese",5,4,6,6,6,5,3,4,2,5,2,1,4,6,6,3,4,3,3,3,4,2,4,5,1,4,5,4,5,4,4,4,5,5,5,4,4,2,4,4
"248x4tej",10615516,"chinese",5,5,4,4,5,5,4,5,5,5,2,5,3,5,5,4,7,5,5,3,4,2,4,4,2,5,5,5,4,5,5,2,3,5,4,3,4,5,5,4
"29v1q34h",10747783,"chinese",7,3,1,7,4,6,3,7,1,4,7,6,2,1,5,2,5,4,3,3,5,1,5,5,1,4,4,5,5,5,4,4,5,4,5,4,4,3,5,5
"2ffbv0lp",10757407,"chinese",5,7,6,7,5,6,3,5,2,6,3,7,1,2,6,4,6,3,4,3,5,1,4,5,2,4,5,4,5,4,5,4,5,4,5,4,5,4,5,4
"2k2t1xaw",10755906,"chinese",4,5,6,6,5,4,3,5,3,4,2,5,3,4,6,3,5,4,4,3,5,1,4,4,1,5,4,4,5,4,4,5,4,4,5,4,5,4,4,5
"2l0uqiz5",10679119,"chinese",5,6,5,7,6,5,1,5,1,6,2,5,2,1,5,3,4,5,5,3,4,1,5,4,2,4,5,4,4,5,4,5,4,5,4,5,4,1,5,4
"3cfrzjo6",10616185,"chinese",5,3,5,3,5,4,5,2,5,4,5,4,6,3,5,3,5,5,4,5,4,3,3,4,2,4,3,2,4,4,2,4,3,2,4,3,2,4,3,4
"3gyrja1q",10748379,"chinese",7,6,7,7,7,6,1,7,1,6,7,7,1,1,7,2,3,3,3,2,5,1,5,4,2,5,5,4,5,5,4,5,5,4,5,5,5,4,5,5
"3nion908",10615496,"chinese",7,5,5,7,7,7,2,7,1,7,1,6,7,2,7,4,3,6,5,3,3,1,5,4,2,3,5,5,5,4,5,5,5,5,5,5,5,5,5,5
"3rujns8n",10745513,"chinese",6,7,6,7,6,6,2,6,1,6,4,5,4,4,6,3,6,5,4,3,5,1,4,4,2,5,4,5,4,5,5,4,5,4,4,5,5,4,5,5
"3vgzsb84",10621131,"chinese",5,5,6,7,6,5,2,6,1,5,2,5,2,5,6,1,2,1,1,2,4,2,4,5,1,4,5,4,4,5,4,4,5,5,4,5,4,4,5,4
"48uynabp",10615324,"chinese",5,4,2,3,2,2,4,3,2,4,2,5,6,6,4,2,2,3,2,2,4,2,5,5,2,4,4,5,4,4,2,4,4,5,5,4,3,2,4,4
"4kae0wzc",10615291,"chinese",3,3,3,2,4,3,3,5,3,3,3,1,5,7,2,2,3,1,3,3,4,2,4,4,2,4,4,4,3,4,3,4,2,4,4,4,4,4,4,4
"4uzwt11f",10747804,"chinese",5,6,5,4,5,5,3,5,1,4,5,5,3,5,6,2,3,4,3,3,5,2,4,5,2,5,4,5,5,4,5,4,4,5,4,4,5,5,4,5
"56ob2dop",10756680,"chinese",6,5,6,6,7,5,6,6,3,6,5,7,6,5,7,2,2,1,2,3,4,2,4,5,2,4,5,4,4,5,4,4,5,5,4,5,4,5,4,5
"5or72we9",10758999,"chinese",3,3,4,5,2,5,5,6,5,4,2,2,5,6,4,1,2,2,2,2,4,1,5,5,2,4,5,5,4,3,4,4,3,5,3,3,4,5,4,5
"5p9aw3vz",10615285,"chinese",6,1,2,2,2,2,7,4,2,2,7,4,6,6,2,1,1,1,1,1,4,1,5,5,1,5,4,5,5,5,4,5,5,5,5,4,4,5,5,3
"5zt3znaj",10618165,"chinese",7,6,6,7,6,6,5,6,2,5,6,6,7,6,6,3,4,3,4,3,4,2,4,5,2,4,5,5,5,5,4,5,4,5,4,5,3,3,4,4
"60v9i74x",10620924,"chinese",2,4,2,3,4,3,6,5,3,2,6,3,4,7,4,3,3,2,3,2,4,2,4,4,1,4,4,5,4,4,5,3,4,5,4,4,3,4,4,5
"62u69ewj",10615414,"chinese",5,7,6,5,7,6,1,4,2,5,7,2,4,7,5,3,6,4,3,2,4,1,5,4,2,5,4,5,3,4,5,2,4,5,4,5,4,3,5,4
"6tzheimb",10785316,"chinese",6,3,2,6,2,6,3,6,5,7,5,5,7,7,3,2,3,3,3,2,4,1,5,5,1,5,5,5,5,5,3,5,4,5,5,5,5,5,5,5
"6xynbgdz",10615353,"chinese",3,3,1,2,1,1,6,5,2,6,3,2,5,5,4,3,5,5,5,3,4,1,4,5,2,3,4,4,5,4,4,3,3,5,4,4,4,3,4,5
"769u5i3c",10615334,"chinese",5,4,5,7,5,5,1,6,1,5,2,4,2,3,6,1,1,2,2,1,5,1,5,4,1,4,5,5,5,5,5,4,4,5,5,5,4,4,5,4
"7h26xs6k",10615385,"chinese",3,1,3,5,6,2,3,3,1,3,3,1,3,7,5,2,3,5,5,2,4,5,5,5,2,4,4,4,5,5,4,2,4,5,5,4,4,4,5,4
"7uqh2euh",10620334,"chinese",3,2,1,4,5,4,7,2,4,2,7,2,7,7,3,1,1,1,1,1,4,2,5,5,2,3,5,5,5,4,3,1,3,5,4,3,3,3,4,5
"8926ifzd",10756657,"chinese",6,7,6,5,6,7,2,5,1,5,2,5,2,2,5,5,4,4,4,3,4,2,5,4,2,5,4,4,5,4,4,5,4,4,5,5,4,4,5,4
"8brt3ssk",10771400,"chinese",5,2,5,5,6,3,1,3,3,5,2,5,2,5,6,2,4,3,5,3,4,2,4,4,1,4,4,4,4,5,4,4,5,4,4,3,4,4,5,4
"8endlhs6",10748652,"chinese",3,2,3,5,4,2,6,3,2,2,3,3,2,6,5,1,1,1,1,1,4,2,5,4,1,4,5,4,4,5,4,4,5,4,5,5,4,4,5,5
"8kmhrvqz",10615364,"chinese",5,3,4,5,6,6,2,5,2,4,2,4,4,4,5,2,3,5,4,3,5,2,5,5,2,4,4,4,4,4,4,3,5,5,5,5,5,5,5,5
"8ru3x1f0",10620173,"chinese",5,2,5,3,1,1,7,2,5,3,1,2,2,6,2,3,2,2,2,1,4,2,4,5,3,5,4,4,4,4,3,1,2,4,5,3,2,1,4,5
"909fcxf9",10620820,"chinese",5,5,6,6,7,5,3,6,1,6,6,3,1,2,6,2,3,4,5,3,5,2,5,5,1,5,5,4,5,5,4,5,5,5,4,5,5,3,5,3
"96cmn76k",10616188,"chinese",3,2,5,6,5,3,3,2,2,5,6,1,5,7,5,1,1,1,1,1,4,2,5,5,1,4,5,5,5,5,5,5,4,5,5,3,2,5,5,5
"9dz5gu40",10615358,"chinese",3,1,1,6,1,1,7,2,1,5,1,2,7,7,4,1,1,1,1,1,5,1,4,5,1,5,5,4,5,4,5,5,4,5,4,5,3,1,5,5
"9gm2ndnm",10738951,"chinese",5,3,7,6,5,3,5,3,1,3,2,2,3,5,3,1,1,1,1,1,4,1,5,4,1,5,4,4,5,5,4,5,4,5,5,4,4,5,5,4
"9mzc19ng",10745134,"chinese",7,4,5,6,5,5,2,6,2,5,3,6,4,2,4,3,5,5,5,3,4,1,4,5,5,5,5,4,5,4,4,5,4,5,5,3,4,5,4,5
"9v70oj52",10620867,"chinese",6,5,5,4,6,4,5,5,4,5,5,5,4,5,5,2,3,5,4,5,4,2,4,4,2,4,4,4,4,4,4,4,4,4,4,4,4,4,4,4
"ayzcye5a",10615381,"chinese",4,2,4,5,5,5,2,5,2,4,3,4,3,6,5,1,1,1,1,1,4,2,4,4,2,4,5,4,4,5,2,4,4,4,4,4,4,4,4,4
"ayzltz4j",10748544,"chinese",5,5,6,6,5,5,3,5,2,4,3,5,4,5,6,3,5,4,4,3,5,1,4,4,1,5,4,4,5,4,4,5,4,5,4,4,5,4,5,4
"b5o609nw",10621206,"chinese",6,2,3,3,4,4,3,5,2,6,2,2,5,7,5,3,5,6,2,2,4,2,4,5,2,4,4,4,5,5,4,4,4,4,5,4,4,5,4,4
"beh78otz",10775055,"chinese",7,5,5,7,7,7,1,7,1,7,1,7,1,4,6,3,5,3,6,4,5,1,5,5,2,5,5,5,5,4,5,5,5,5,5,4,4,5,5,5
"bgrokfi7",10615319,"chinese",3,3,3,2,2,4,6,3,3,4,3,1,7,7,3,2,2,3,4,2,4,2,3,4,2,3,4,4,4,5,2,4,3,4,4,4,3,4,4,5
"byqbbnza",10615338,"chinese",5,4,4,2,3,4,4,3,3,3,5,3,5,7,5,2,6,2,2,2,4,2,4,5,2,4,5,5,5,4,4,4,3,4,4,5,5,3,4,3
"bzdu2xjb",10615337,"chinese",6,5,5,6,6,6,3,6,2,5,4,4,3,3,5,4,4,5,6,3,4,2,4,5,1,4,4,5,5,4,5,4,4,5,5,4,4,4,5,4
"c9nswen7",10610624,"chinese",5,4,4,5,7,6,3,5,1,5,1,3,1,3,6,2,4,2,3,2,5,1,3,4,1,5,5,4,4,5,5,4,5,5,5,5,5,5,5,5
"cteqcliz",10615469,"chinese",2,1,5,2,1,2,3,2,1,3,5,2,2,5,6,1,1,1,1,1,4,2,4,5,1,4,5,5,4,5,5,4,5,4,4,5,4,5,4,5
"cwp6ixzm",10637106,"chinese",3,3,2,3,3,2,7,1,1,3,3,1,5,7,3,1,1,1,1,2,4,4,4,4,2,3,4,4,4,4,2,4,2,4,4,4,4,4,4,4
"d3fl2e9v",10756687,"chinese",5,6,6,6,5,5,2,5,5,6,2,5,5,5,5,2,5,3,4,2,4,2,4,5,2,5,4,4,5,4,4,4,4,4,5,4,4,2,4,5
"dh3skqt5",10615433,"chinese",3,2,3,2,1,2,3,2,5,2,6,2,1,5,2,1,1,1,1,1,4,1,4,5,1,4,5,4,4,5,5,4,5,4,5,4,4,5,5,4
"dksjjsxo",10615347,"chinese",7,4,4,7,7,7,1,7,1,4,1,7,1,1,7,7,1,1,7,1,4,4,4,4,1,5,4,5,5,5,5,4,1,5,5,4,3,5,5,5
"dv9y19yj",10615442,"chinese",4,3,3,4,4,5,6,5,3,3,5,4,5,7,4,1,1,1,1,1,4,2,4,5,2,4,4,5,4,4,4,5,4,4,4,5,4,4,4,4
"enbb2c1s",10756682,"chinese",5,3,2,5,6,5,2,6,1,5,3,2,5,6,5,3,5,3,6,2,5,1,4,5,1,4,5,5,4,5,4,5,5,5,5,4,4,5,5,5
"eobj3i6a",10614681,"chinese",3,3,6,5,5,5,6,5,3,5,3,4,5,7,5,1,1,1,1,1,4,2,5,4,2,3,5,5,4,4,2,3,3,4,5,4,2,5,4,4
"ewvs2q5j",10617408,"chinese",4,4,2,3,5,3,3,6,1,5,3,5,4,4,6,1,1,1,1,1,5,2,4,4,1,5,4,5,5,4,5,3,4,4,5,4,4,2,5,4
"f2fjrd2u",10757224,"chinese",7,7,4,7,7,7,4,7,1,7,1,7,4,4,7,2,2,3,3,2,5,1,5,5,1,5,5,5,5,5,5,3,5,5,5,5,5,1,5,5
"flg5dksq",10678657,"chinese",5,3,5,7,7,5,3,3,2,5,4,7,6,2,5,4,5,5,3,5,3,2,4,4,5,5,5,3,5,4,1,3,2,5,4,5,3,4,2,4
"g75gt91l",10756688,"chinese",6,7,6,5,6,6,1,6,1,6,1,6,1,1,6,5,6,7,7,6,4,1,4,5,1,4,5,5,4,5,4,4,5,4,4,5,4,5,4,5
"ga50k9x9",10620816,"chinese",7,6,6,6,6,5,2,6,2,6,5,4,4,2,5,3,4,5,5,3,5,2,4,4,4,5,5,5,4,5,4,5,4,4,5,5,4,5,4,5
"gczc4xz3",10615370,"chinese",5,6,3,5,5,2,1,5,2,3,1,5,6,7,3,2,3,1,2,2,4,1,4,5,1,4,5,4,4,5,4,4,2,5,4,4,4,4,5,4
"gjp1llm5",10620269,"chinese",3,2,1,5,6,5,6,5,3,5,5,5,6,7,5,1,1,6,1,2,5,2,4,4,1,5,5,4,4,4,5,4,4,5,4,4,4,4,5,4
"gpu48luv",10615412,"chinese",5,3,5,6,4,5,3,5,2,5,3,4,2,5,5,2,3,2,3,3,5,1,4,5,2,4,5,5,4,4,5,4,5,5,4,4,5,2,4,5
"gwyxdf19",10620115,"chinese",3,2,1,2,1,2,7,1,3,2,6,5,3,7,3,1,1,1,1,1,4,1,5,4,2,4,5,5,4,5,4,4,5,5,4,4,4,5,5,5
"h4duc36w",10615340,"chinese",2,1,3,2,1,1,2,3,2,1,6,2,1,5,6,1,1,1,1,1,4,2,5,4,2,4,5,4,4,5,4,4,5,4,4,5,4,5,5,4
"he6natzz",10615520,"chinese",5,3,5,5,6,5,4,3,3,6,3,2,2,5,6,2,1,1,1,1,4,2,4,5,2,4,5,4,4,5,4,4,3,4,5,4,3,5,4,4
"hz1y5cvn",10620969,"chinese",3,2,3,3,6,4,3,3,4,3,2,4,4,7,3,1,1,1,1,1,5,2,4,4,2,4,4,4,4,4,3,2,5,5,4,4,2,2,4,2
"hz42392e",10748337,"chinese",6,5,7,6,5,5,2,5,2,5,2,5,2,2,5,3,7,4,4,3,4,2,5,4,2,5,4,4,5,4,4,5,5,4,4,5,4,4,5,5
"i1tgubi1",10620810,"chinese",5,4,7,5,4,6,5,5,1,6,2,6,7,6,6,3,5,5,5,2,5,1,4,4,1,4,5,4,5,4,4,4,5,5,5,4,5,5,4,5
"i5bmhow7",10747958,"chinese",5,2,5,5,1,2,2,6,2,5,2,1,2,5,2,1,1,1,1,1,4,1,5,4,1,4,4,5,4,4,5,4,5,4,4,4,5,4,5,4
"ibnzywow",10615435,"chinese",6,2,6,6,6,5,3,6,3,4,4,6,6,3,4,2,4,4,4,2,4,1,5,5,5,5,5,5,5,5,5,4,5,5,5,5,4,5,5,5
"iei7ln9k",10615346,"chinese",5,3,6,7,5,6,3,5,2,5,6,4,2,5,2,5,3,5,4,3,4,2,4,5,2,4,5,4,5,4,4,5,4,5,4,3,4,2,5,4
"isfhkzrg",10615343,"chinese",5,3,4,6,6,5,2,7,3,5,2,6,3,4,5,3,2,4,3,2,4,1,4,5,2,4,5,5,4,5,5,4,4,5,5,4,3,4,5,4
"iuv6lvnc",10615318,"chinese",5,6,4,5,6,7,2,5,3,5,2,5,1,6,7,3,4,3,5,3,4,2,4,5,2,4,5,4,5,4,5,4,5,4,5,5,3,5,4,5
"j4q0majr",10747871,"chinese",5,2,5,2,1,2,1,2,1,2,5,1,2,5,2,1,1,1,1,1,4,2,4,5,1,4,5,4,4,4,5,4,4,5,4,5,5,4,5,5
"jbwkllmq",10621399,"chinese",6,4,6,5,4,5,3,5,2,5,2,5,3,6,5,2,4,2,2,2,4,2,4,4,2,5,4,4,5,4,4,5,4,5,4,4,3,4,3,4
"jck7wq2i",10615369,"chinese",5,5,4,6,6,6,2,6,2,5,2,2,2,2,5,2,1,1,1,1,4,2,5,5,2,4,5,5,5,4,5,5,4,5,5,5,3,3,5,5
"jhn7bb1x",10771729,"chinese",7,4,3,7,7,6,1,6,2,6,1,7,2,3,4,5,5,6,6,2,4,1,5,5,2,5,5,5,5,4,5,4,4,5,5,5,5,5,5,4
"k44mtv2k",10615345,"chinese",5,6,3,6,6,5,4,4,1,6,3,3,2,4,5,3,3,1,1,3,4,1,4,4,1,4,5,4,4,5,4,4,4,4,5,4,4,1,4,4
"kgfoxuva",10615333,"chinese",6,5,3,6,4,6,5,6,3,5,6,5,6,4,5,3,4,5,5,4,4,2,5,5,2,4,5,4,5,4,3,4,4,5,5,4,4,5,5,4
"ki5bwplr",10747761,"chinese",5,4,5,6,4,4,3,4,1,5,3,4,3,4,5,2,1,2,1,1,4,1,4,5,2,4,4,5,4,4,5,4,4,5,4,4,4,4,5,5
"kwizcctd",10747758,"chinese",7,5,2,7,5,6,3,6,2,6,5,5,5,5,6,2,2,3,4,2,5,1,4,5,1,5,5,5,5,5,3,3,4,5,5,5,5,5,5,5
"kxnqr2ih",10745225,"chinese",7,4,4,6,5,5,2,6,3,5,2,6,4,2,5,4,5,4,4,3,5,2,4,5,1,5,5,5,5,5,4,5,4,5,5,4,4,5,4,4
"l1gkd6m1",10616142,"chinese",7,7,7,7,4,7,1,7,4,7,1,1,5,5,6,4,3,5,5,3,5,1,5,5,2,5,5,5,2,5,1,5,5,5,5,5,1,5,5,5
"l5wi19rp",10756658,"chinese",5,7,5,7,6,4,1,5,2,6,2,4,2,3,4,5,7,5,4,5,4,1,5,4,2,5,5,4,4,5,4,4,5,4,4,5,4,5,5,4
"l7hruau2",10745066,"chinese",7,5,5,7,5,6,3,6,6,5,4,7,5,4,4,3,5,4,4,3,5,2,5,4,4,5,5,5,5,4,5,4,5,5,5,4,3,5,5,5
"le3wbl22",10637087,"chinese",1,1,2,2,1,1,7,1,7,1,1,1,7,7,1,1,1,1,1,1,4,5,4,4,3,4,1,4,5,4,1,3,1,5,4,4,1,1,4,4
"mkf2au6n",10748410,"chinese",5,7,6,4,5,6,1,5,2,5,2,5,2,1,5,3,6,4,3,4,4,2,5,4,2,4,5,4,5,4,5,4,4,5,4,4,5,4,4,5
"mku0ap8q",10757060,"chinese",5,6,5,4,6,5,3,7,2,6,2,6,4,2,6,2,3,2,2,2,5,2,4,4,1,5,5,4,3,5,5,4,4,5,5,4,4,5,5,5
"newsk0qj",10615298,"chinese",3,3,3,4,2,2,5,4,3,4,4,4,6,6,3,1,1,2,3,1,4,3,5,4,2,4,4,5,4,4,4,4,2,5,4,4,3,3,4,4
"ns18an7k",10615389,"chinese",7,3,5,6,5,7,1,5,2,6,1,5,1,1,6,3,5,4,4,3,4,2,4,5,1,4,4,5,4,5,5,4,5,4,5,4,4,5,4,5
"o00n09ra",10747854,"chinese",5,5,4,6,4,5,2,5,2,6,4,7,2,4,6,2,1,1,1,1,5,2,4,4,1,4,5,4,5,5,4,5,4,5,5,4,4,4,5,5
"o0dyu6gp",10620353,"chinese",6,5,2,5,6,5,3,6,2,6,1,4,3,6,5,1,1,1,1,1,4,2,5,4,3,4,5,4,4,4,5,2,2,5,4,4,5,2,4,4
"orulc1bi",10621140,"chinese",5,3,3,5,6,3,2,4,1,5,2,4,4,5,6,2,3,5,4,4,4,1,4,5,1,4,5,4,5,5,4,5,4,5,5,4,4,5,5,4
"ovmnpl9p",10794601,"chinese",5,1,1,1,2,1,7,1,6,6,6,5,7,7,2,2,5,2,3,2,5,1,5,5,1,3,5,5,4,5,4,2,4,5,5,5,5,2,5,4
"p455rgb0",10679132,"chinese",5,6,7,6,5,6,2,6,2,6,7,5,1,2,6,4,3,5,5,3,4,1,4,5,1,4,5,4,4,5,4,5,4,4,5,4,5,1,4,5
"pfpjv0dg",10620383,"chinese",5,6,5,3,4,4,5,5,2,4,2,5,4,7,3,1,1,1,2,1,5,1,4,4,2,4,4,4,5,4,4,2,3,5,4,4,4,2,4,4
"ph77cheh",10620384,"chinese",6,7,1,6,7,7,1,7,1,7,1,1,1,2,7,3,3,4,4,2,4,2,5,5,2,4,4,5,4,5,5,4,4,5,5,4,4,5,5,5
"qbxr44oo",10620375,"chinese",6,5,2,5,5,6,2,4,2,3,2,5,2,4,5,3,3,1,1,1,4,1,4,4,4,4,4,4,4,3,4,3,4,4,4,4,4,4,4,4
"qk4q910j",10615331,"chinese",6,7,4,5,6,7,6,7,1,6,2,5,1,3,5,3,4,5,4,2,4,2,4,5,2,4,4,5,5,4,3,4,5,4,3,3,4,5,4,5
"qxhhsyze",10757193,"chinese",7,4,6,7,7,5,2,6,2,6,7,6,1,5,6,4,3,1,1,2,4,1,4,5,1,5,5,5,5,5,5,4,4,5,4,5,4,4,5,5
"qyt42jh8",10620789,"chinese",3,2,3,5,4,3,4,3,2,5,6,2,5,7,5,2,2,1,1,1,4,2,5,4,1,4,5,4,5,5,4,4,4,5,5,4,4,4,5,4
"r10r5355",10756100,"chinese",4,5,3,6,5,4,3,5,2,4,3,4,2,5,6,3,5,4,4,3,5,1,4,4,1,4,5,4,4,5,4,5,4,4,5,5,4,5,4,5
"r64q0vy9",10615477,"chinese",5,6,4,5,5,5,6,5,3,6,4,5,6,6,6,2,5,5,5,3,5,2,4,5,1,4,5,5,4,5,4,5,3,4,5,4,4,3,4,4
"r6yvjtr3",10693773,"chinese",5,3,7,6,6,6,1,5,1,6,2,6,3,4,7,2,3,4,4,3,5,1,5,4,1,4,5,4,5,4,5,4,5,4,4,5,4,4,4,4
"rc07cfr4",10615377,"chinese",6,5,7,6,6,6,2,7,1,7,1,5,1,4,7,4,3,6,4,4,4,1,5,5,1,5,4,5,5,4,5,4,5,5,4,5,4,5,5,5
"rdkrptvx",10748464,"chinese",5,4,6,5,5,4,3,4,2,4,3,5,3,5,6,3,5,4,4,3,5,1,5,5,1,4,5,5,4,4,5,4,5,5,4,4,5,5,4,5
"s2hupvg9",10747823,"chinese",7,6,7,7,6,7,1,7,1,7,1,7,1,2,7,2,3,4,4,3,5,1,4,5,1,5,5,4,5,5,5,4,5,4,4,5,4,5,5,5
"s472kaiz",10615519,"chinese",5,3,3,6,5,6,3,6,2,5,6,5,7,6,5,2,5,5,5,4,4,2,4,5,3,4,5,4,5,3,4,3,4,4,5,5,1,4,4,4
"s71qcm2l",10746379,"chinese",5,4,5,6,6,5,3,5,2,4,4,1,4,6,5,2,3,2,2,2,4,2,4,5,1,4,4,4,5,4,4,2,4,5,4,4,4,2,4,5
"scau2cfs",10615397,"chinese",6,5,5,6,5,6,6,5,2,6,2,6,2,3,6,4,5,5,4,4,4,2,4,5,2,4,4,5,4,4,4,5,4,4,4,5,4,4,5,4
"se675twb",10615467,"chinese",5,3,5,3,4,3,5,5,2,3,5,2,5,6,4,1,1,3,1,1,5,1,4,5,2,5,5,4,5,4,4,5,2,5,4,5,4,4,5,4
"t5zn7nvd",10747836,"chinese",5,4,3,5,5,2,2,6,1,5,1,4,2,4,6,2,4,2,3,3,4,2,4,5,1,4,4,5,4,4,5,4,5,5,4,4,4,5,4,5
"t7zj7gx3",10745076,"chinese",5,5,6,5,4,4,2,5,2,5,7,4,5,6,3,2,3,4,4,3,4,2,4,4,2,4,4,5,4,5,4,4,4,5,5,4,4,4,5,5
"u38i920s",10620266,"chinese",5,2,6,7,4,5,6,7,2,6,1,1,5,7,6,2,4,2,2,2,5,1,5,5,1,4,5,5,5,5,5,4,4,5,5,5,4,1,5,4
"uh5f20s2",10615459,"chinese",6,3,4,7,7,6,2,4,6,7,1,1,5,1,7,4,5,4,5,3,5,4,5,4,4,5,5,4,5,2,2,1,5,4,2,5,1,1,4,2
"ux7600ha",10756109,"chinese",4,5,6,6,4,5,2,4,1,3,4,3,2,5,6,3,5,4,4,3,4,2,5,4,1,5,4,4,5,4,4,5,4,5,4,4,5,5,4,5
"v007mc3w",10745355,"chinese",6,5,6,6,5,4,5,5,6,6,5,6,5,6,4,3,4,4,4,2,4,2,4,4,2,4,4,4,4,4,4,5,4,5,4,4,4,4,4,5
"vivk94td",10615476,"chinese",5,5,5,7,5,4,4,5,4,5,5,3,5,5,5,4,4,4,3,3,4,2,4,4,2,4,4,3,4,4,4,3,4,4,4,4,4,2,4,5
"vrcnyevd",10615499,"chinese",6,5,6,5,5,6,3,6,2,5,2,3,2,5,6,2,3,4,4,3,4,1,4,5,1,5,5,4,4,5,4,4,5,5,5,4,4,2,4,4
"vvgo2x9d",10615362,"chinese",5,7,2,6,5,6,1,6,2,5,2,1,4,3,6,2,2,3,2,2,4,1,5,5,3,5,4,5,5,3,5,3,5,5,5,4,4,2,5,4
"vzz3hq5o",10745009,"chinese",5,4,3,5,4,6,2,5,1,5,3,4,2,6,3,2,3,4,5,3,5,2,4,4,2,5,5,4,5,4,4,4,5,5,5,4,4,4,5,4
"vzz8ac56",10748656,"chinese",4,2,3,5,6,4,3,5,3,4,2,5,2,4,5,2,1,1,1,1,4,1,5,4,2,5,4,5,4,5,4,4,5,5,4,4,3,4,5,4
"w7lg2t60",10755904,"chinese",4,4,6,6,4,5,3,5,2,4,3,4,2,5,6,3,5,4,4,3,4,2,4,5,2,4,4,5,4,4,5,4,4,5,4,4,5,4,5,5
"wedir472",10615312,"chinese",4,5,6,5,6,4,2,5,2,5,3,3,4,3,5,2,3,2,2,3,4,2,4,4,2,4,5,5,4,4,4,5,4,4,5,4,4,4,4,4
"wlzm73xh",10748267,"chinese",4,3,4,5,4,3,5,4,3,4,3,4,3,5,5,2,1,1,2,1,5,2,4,4,1,4,4,5,4,4,5,5,4,5,5,4,4,4,5,4
"wnj6of55",10756672,"chinese",7,6,6,5,4,6,1,7,1,5,2,5,4,3,5,2,1,4,2,3,5,1,4,5,2,5,4,4,5,5,5,4,4,5,5,4,5,4,5,5
"x6qflhsm",10615390,"chinese",6,5,6,7,6,7,3,7,1,6,4,7,3,2,5,4,3,5,5,7,5,2,4,5,1,5,4,5,5,5,4,5,5,4,5,5,4,5,4,5
"xf4x8838",10615457,"chinese",6,5,5,6,5,5,2,5,2,5,1,2,3,3,5,5,3,1,1,2,4,2,4,5,2,4,4,5,4,4,5,4,4,5,4,4,5,4,5,4
"xfohvwc2",10615445,"chinese",6,7,6,7,6,7,2,7,2,7,1,5,1,3,6,4,4,4,3,5,5,1,4,4,1,5,4,5,4,5,4,5,4,5,4,5,4,5,4,5
"y1eypor8",10615425,"chinese",5,3,5,6,7,6,3,3,4,2,5,1,5,5,4,1,3,1,1,1,4,2,4,4,1,4,4,5,5,5,2,5,4,4,4,4,4,5,5,5
"y6hj6rd1",10755905,"chinese",4,5,6,6,5,4,3,5,3,4,3,5,2,5,6,3,5,4,4,3,5,1,4,4,1,5,4,4,5,4,4,5,4,4,5,4,5,4,5,5
"yf4nzz0b",10615506,"chinese",4,3,4,5,5,5,4,5,3,5,4,3,4,5,5,3,5,4,4,3,4,3,4,4,2,4,4,4,4,4,4,4,4,5,5,4,4,4,4,4
"yvmxbd8a",10615373,"chinese",7,5,5,5,7,7,1,7,4,5,3,5,3,2,7,3,7,5,5,2,4,2,5,5,1,5,5,5,5,5,5,5,5,5,5,5,5,5,5,5
"yxfx2r6c",10615365,"chinese",7,7,6,7,6,6,2,6,6,6,6,7,5,2,6,4,6,3,3,4,5,1,5,5,1,4,4,4,5,4,4,4,5,5,5,5,5,1,5,5
"zurc09zq",10615464,"chinese",5,6,3,5,3,5,7,5,3,5,7,2,7,7,2,3,3,2,3,2,5,2,4,5,2,4,4,4,4,5,4,4,5,5,5,4,3,4,5,5
"01sybimu",10523371,"denmark",3,2,5,6,5,5,3,4,2,6,1,4,4,2,5,6,5,5,6,4,4,3,5,3,2,5,3,5,4,4,3,4,4,4,5,5,3,4,4,4
"05xrj0yw",10484018,"denmark",2,2,2,3,3,2,6,5,3,4,6,7,7,7,4,1,1,1,1,1,4,1,5,5,2,3,4,3,5,2,3,1,2,5,3,3,1,4,5,3
"0ons535i",10356030,"denmark",3,2,2,4,2,3,7,3,4,3,7,6,6,7,4,2,2,1,1,2,3,4,4,4,3,4,3,4,4,3,2,4,4,4,4,4,2,4,4,4
"0wczf4yw",10419061,"denmark",3,5,6,6,6,7,1,6,2,5,3,7,5,7,6,3,5,2,4,1,5,1,5,5,1,5,5,5,5,4,5,5,4,4,5,5,3,5,5,4
"0zdq85tp",10628576,"denmark",6,2,5,5,4,5,4,6,4,5,3,6,4,3,5,3,3,3,3,2,5,1,5,5,2,5,5,5,5,4,3,4,4,4,2,4,2,4,4,3
"1qm7vz88",10445829,"denmark",3,1,2,5,7,7,1,1,1,7,1,7,1,1,7,5,6,6,6,4,5,1,5,5,1,5,4,5,5,5,5,2,5,5,5,5,3,5,5,5
"1stccggy",10389972,"denmark",5,2,5,6,3,5,6,6,5,4,5,7,6,7,6,1,1,1,1,1,4,1,5,4,1,4,4,5,5,4,5,4,3,4,5,5,4,4,4,5
"22s25t0u",10693500,"denmark",3,5,3,2,5,3,4,4,3,6,3,2,7,4,7,5,4,6,4,6,4,1,4,4,3,4,3,5,4,3,5,2,1,4,3,3,2,5,4,3
"2lvhod2s",10665766,"denmark",6,3,7,5,5,7,7,6,3,7,7,7,4,7,7,1,1,1,1,1,4,1,5,5,1,4,3,5,5,5,4,3,3,5,4,5,5,5,5,5
"2qfqx5ns",10612173,"denmark",3,1,5,5,6,6,3,4,3,4,2,3,2,7,6,1,1,1,1,1,4,3,5,4,2,4,4,5,5,5,2,5,4,4,5,5,2,5,4,5
"2x3d91be",10640064,"denmark",4,1,5,7,1,3,5,6,6,3,7,6,6,7,4,1,1,1,1,1,4,1,4,5,2,5,4,4,5,4,4,4,3,5,5,5,2,4,5,4
"2y1ghdyb",10551166,"denmark",4,1,1,2,1,5,5,5,7,4,2,5,7,5,1,4,4,3,5,2,3,1,5,4,2,3,4,5,5,4,4,5,4,4,4,2,3,5,5,5
"3ebpayor",10517382,"denmark",4,4,7,7,7,7,1,7,1,6,1,7,3,1,7,7,7,7,7,5,1,1,5,4,1,5,5,5,3,5,4,4,5,4,3,4,5,5,4,4
"3s1lhl39",10644302,"denmark",3,1,2,3,3,3,3,3,2,4,1,4,3,6,4,1,1,1,4,2,4,1,5,5,1,4,4,5,5,5,4,4,3,5,4,5,4,5,5,4
"48gjzt2y",10454594,"denmark",5,2,4,7,5,5,3,4,3,2,1,6,7,5,6,2,2,1,1,2,4,1,5,4,2,4,3,5,4,4,2,4,3,4,5,3,1,4,4,5
"4de091m2",10369089,"denmark",4,5,6,6,6,5,2,3,2,4,2,6,5,3,6,3,3,4,4,3,5,2,4,5,1,5,4,4,5,5,4,4,4,5,5,5,3,5,5,4
"4omjmnly",10650496,"denmark",1,1,1,1,1,1,7,1,5,1,5,4,6,6,2,1,1,1,3,1,3,2,4,4,2,3,2,4,4,4,1,5,1,4,4,4,1,4,4,3
"5diapoj8",10519261,"denmark",5,2,7,6,7,6,2,4,2,5,2,5,2,3,6,4,3,3,3,3,4,1,4,5,1,4,4,5,4,5,5,4,3,4,5,5,5,4,4,5
"5fcrybra",10437313,"denmark",1,1,1,1,1,4,6,5,6,4,4,6,6,7,4,2,3,1,1,1,4,2,5,5,1,4,4,5,5,5,3,4,2,4,5,5,3,5,5,5
"5gnis5rm",10695598,"denmark",5,2,6,5,6,7,5,3,2,5,3,7,4,7,6,5,4,4,4,2,4,1,5,5,2,5,3,5,4,4,3,5,4,4,5,3,3,5,5,5
"666",10275593,"denmark",1,2,3,4,5,6,7,6,5,4,3,2,1,2,3,5,6,7,6,5,1,2,3,4,5,4,3,2,1,2,3,4,5,4,3,2,1,2,3,4
"6daw4r1k",10560563,"denmark",4,2,6,6,6,6,2,5,2,5,1,5,3,2,5,3,5,2,2,4,4,2,4,4,3,4,4,5,5,3,4,5,4,4,5,5,2,4,4,5
"6kgkb2sx",10317638,"denmark",5,3,6,6,6,5,1,5,1,5,4,6,5,6,5,1,1,1,2,1,5,1,5,5,1,5,5,5,5,5,5,5,5,5,5,5,5,5,5,5
"6ofjc38g",10697798,"denmark",5,4,5,6,6,6,1,5,3,5,3,5,4,3,5,6,4,6,6,5,4,1,5,4,1,5,5,5,5,5,4,4,5,4,5,4,4,5,4,4
"6t81lwtr",10623357,"denmark",2,1,3,6,4,5,3,1,3,4,2,2,5,7,5,6,1,1,6,3,4,1,4,4,1,4,3,5,4,4,3,5,1,4,4,4,1,5,3,5
"6vgyw3h1",10441741,"denmark",2,1,3,6,3,4,3,1,5,4,3,4,5,7,4,3,4,3,3,2,4,4,4,4,2,3,1,4,4,4,2,1,4,4,2,4,1,4,4,5
"6whrn8f3",10696592,"denmark",2,1,1,3,1,5,7,5,7,5,6,4,7,7,1,2,2,1,2,1,4,2,5,4,5,4,3,5,5,1,2,4,1,4,3,4,1,5,4,4
"79snlakt",10617959,"denmark",2,1,2,2,5,2,5,1,3,2,5,2,6,7,2,2,2,1,1,1,5,1,4,4,2,4,2,4,4,4,3,2,4,4,4,5,2,2,4,5
"7aireyek",10693530,"denmark",5,1,3,7,3,7,4,5,4,6,3,7,6,7,7,1,1,1,1,1,5,1,4,5,1,4,4,5,5,5,4,5,2,5,5,5,5,5,5,5
"7be6vbk0",10445460,"denmark",7,4,7,7,7,7,1,7,1,7,1,7,1,1,7,7,6,6,7,5,5,1,4,4,1,5,4,4,4,4,4,1,5,4,5,5,5,5,5,5
"7t5v3pfn",10695883,"denmark",1,2,6,6,5,5,3,2,3,4,3,2,3,7,6,1,1,1,2,1,4,4,4,4,2,4,3,3,4,3,4,2,3,4,5,4,1,4,4,5
"87a1c3k0",10693419,"denmark",5,1,4,7,3,6,1,5,5,6,2,5,4,2,4,7,2,3,5,2,5,2,5,4,2,5,4,5,5,3,4,4,5,5,4,4,2,4,5,5
"8d7cj4qi",10331969,"denmark",4,1,6,5,7,7,1,7,1,7,1,5,1,3,6,3,5,1,1,2,4,1,4,3,1,4,4,5,3,3,5,5,5,3,4,5,1,5,4,4
"8ou0ar59",10495734,"denmark",1,1,1,2,1,5,7,2,7,2,7,3,3,7,4,1,1,3,1,1,4,5,5,2,4,3,1,2,3,2,1,2,1,4,4,3,1,4,4,2
"9crmlvyo",10293557,"denmark",2,1,1,3,1,1,5,1,7,3,5,1,3,5,2,1,1,1,1,1,4,4,5,3,4,4,2,4,4,1,1,3,2,4,2,3,1,3,5,5
"9cu267ky",10579276,"denmark",5,1,1,4,1,3,7,2,7,5,7,7,1,7,2,1,1,1,1,1,4,1,5,4,1,5,3,5,5,4,2,5,1,4,4,5,3,5,4,4
"9fq6x0xf",10289714,"denmark",2,1,1,1,1,1,7,2,6,3,7,4,5,7,1,1,1,1,1,1,4,2,4,4,1,4,3,5,3,4,2,4,1,4,4,4,2,4,4,4
"9kvxsqbl",10581003,"denmark",7,2,4,7,7,7,1,5,2,6,1,6,5,1,7,6,6,5,6,4,4,2,5,4,2,4,3,5,4,4,4,5,4,3,4,5,5,4,4,4
"9mkg6qyf",10301704,"denmark",3,1,1,3,1,1,7,1,7,1,7,1,7,7,1,1,1,1,1,1,1,2,1,3,1,1,1,3,1,5,1,2,1,1,4,3,1,2,2,5
"9smefh6i",10653252,"denmark",6,1,1,3,4,7,6,7,5,6,3,6,7,7,2,4,2,2,4,2,3,1,5,5,3,4,3,5,4,2,4,3,2,4,3,4,2,4,5,2
"am9o7yjc",10634973,"denmark",3,1,2,2,2,4,6,3,5,3,7,2,4,6,1,2,3,1,1,2,4,2,4,5,2,5,2,1,4,4,5,1,5,4,4,5,2,2,5,4
"avyw1u3x",10697471,"denmark",5,1,5,7,4,5,3,4,2,4,2,7,5,5,6,2,2,1,1,2,4,1,4,4,2,4,3,4,4,4,4,4,4,4,5,3,1,4,4,5
"b2pdb80h",10608763,"denmark",2,2,4,5,6,6,1,1,1,5,1,2,3,2,6,1,1,1,1,1,3,2,4,4,1,4,2,4,4,5,1,1,5,5,5,4,1,4,4,5
"be4mw42h",10436128,"denmark",3,1,2,7,3,4,1,2,6,2,2,7,7,3,5,3,3,4,4,3,5,1,5,5,1,5,5,5,4,4,5,2,4,5,5,5,2,4,5,5
"brbia97p",10389676,"denmark",2,1,2,5,2,2,3,3,6,3,5,3,4,4,3,1,2,2,4,2,3,2,4,4,2,4,1,5,4,2,1,1,4,4,2,3,1,4,4,4
"bw3mc2fj",10387104,"denmark",2,1,1,2,2,2,7,5,6,2,4,3,7,7,2,1,2,1,2,1,4,1,5,4,3,4,4,4,4,3,3,2,1,4,3,3,1,3,3,3
"chbcgzcr",10710769,"denmark",5,1,1,6,1,1,7,3,2,1,7,6,7,7,6,1,2,1,1,1,4,2,4,5,1,3,4,5,5,4,4,3,2,5,3,4,2,4,5,3
"chqqm61a",10368418,"denmark",2,1,1,5,5,2,1,5,1,1,1,1,4,7,7,1,1,1,1,1,5,1,5,4,2,4,4,5,5,5,5,5,4,4,4,3,3,5,5,5
"co4fiw6q",10522963,"denmark",2,1,1,1,1,1,2,1,2,1,2,1,4,3,2,2,3,4,7,4,2,5,3,2,1,2,1,4,4,3,1,2,3,4,3,3,1,2,4,4
"cxl243wk",10520254,"denmark",3,1,2,5,1,5,5,2,5,5,7,7,6,1,5,1,1,1,1,1,1,1,5,5,1,4,4,5,5,4,5,2,2,4,4,5,1,4,4,5
"d0kkqzxx",10436316,"denmark",6,2,2,1,4,2,4,1,4,2,2,5,3,7,3,1,1,1,1,1,4,2,4,4,1,4,2,5,5,5,2,5,3,4,5,4,3,5,5,5
"d3yvpr5f",10693537,"denmark",5,3,3,6,5,4,3,5,1,6,1,7,5,2,4,5,3,1,5,3,4,1,4,4,2,4,3,4,4,4,3,2,4,4,4,4,2,4,4,5
"duc9z8os",10368928,"denmark",5,1,5,7,6,4,3,1,2,4,2,5,3,5,6,1,1,1,1,3,4,1,3,4,2,5,1,4,5,2,2,1,4,5,4,4,1,4,4,4
"dzs6il1w",10612935,"denmark",7,7,6,7,7,7,1,7,1,7,1,7,6,1,7,7,6,7,7,4,5,1,5,5,3,5,5,5,5,4,5,5,5,5,5,3,5,5,5,5
"fjsayzqw",10363270,"denmark",4,1,1,5,1,4,7,1,4,4,4,4,4,4,3,1,1,1,1,1,4,1,4,5,1,4,3,4,5,5,5,4,1,4,4,5,3,1,4,4
"fm24ttai",10298410,"denmark",5,2,4,7,6,4,3,5,2,5,2,5,3,4,7,1,3,1,4,3,5,1,5,5,4,4,4,5,4,3,4,4,2,3,4,4,4,4,4,4
"ga116oag",10382210,"denmark",2,1,1,3,1,3,7,2,7,1,5,7,7,7,2,1,1,1,1,1,4,1,5,5,1,4,5,5,5,3,4,5,3,5,5,5,1,5,5,3
"ggdsmg6z",10608551,"denmark",1,2,6,7,2,2,6,5,6,4,7,4,1,7,6,2,1,1,1,2,4,1,4,5,1,4,4,5,5,5,3,5,2,4,4,4,4,5,5,4
"gma50zj1",10457661,"denmark",6,2,5,7,7,7,2,7,1,6,2,7,5,2,5,7,6,4,5,3,4,1,4,5,1,5,5,5,5,5,5,5,5,5,5,4,5,5,5,5
"h09bd6kp",10518835,"denmark",3,1,5,7,7,7,1,5,1,6,1,7,1,3,6,4,4,5,2,3,5,1,5,5,1,5,5,5,4,3,3,5,5,4,5,3,2,5,5,5
"h9qq69vv",10362265,"denmark",5,5,5,7,6,7,2,7,2,7,1,7,6,4,4,1,2,1,1,2,5,1,3,5,2,5,5,5,5,3,5,5,3,5,5,3,2,5,5,5
"hobvnfy0",10608480,"denmark",7,4,3,7,7,7,7,7,1,7,1,7,1,1,7,7,7,7,7,3,4,5,5,4,1,3,4,5,5,5,5,5,5,5,5,3,4,5,5,5
"hz80n8va",10419634,"denmark",2,1,1,3,2,1,7,2,5,2,2,5,7,7,3,2,2,1,3,1,4,2,4,5,1,4,3,4,4,4,3,4,1,5,5,5,4,4,4,4
"i0wjz0ig",10581798,"denmark",5,5,6,7,7,7,1,7,1,7,2,6,5,1,3,2,2,1,1,2,5,1,5,3,2,5,4,5,5,3,4,1,5,5,5,4,2,5,5,5
"i2sxx7b7",10378190,"denmark",2,1,2,4,4,3,6,3,2,3,2,4,3,6,2,4,2,1,4,2,4,1,5,4,1,4,4,5,5,5,4,4,2,5,5,5,4,5,5,4
"igqh0uqr",10694272,"denmark",4,3,5,5,5,4,3,5,2,5,1,7,5,4,6,5,5,2,5,3,4,1,5,5,1,5,4,5,5,4,4,4,4,5,5,5,3,5,5,5
"iy7wjfov",10494598,"denmark",4,1,2,7,6,6,1,2,4,4,2,7,2,1,5,7,3,5,7,3,4,1,4,5,1,5,3,4,4,4,4,2,5,5,5,3,2,4,5,5
"j5srbhnw",10441447,"denmark",3,1,7,7,7,7,1,5,1,7,1,7,5,2,7,4,3,3,4,3,4,1,3,4,4,5,5,5,5,1,5,5,4,4,5,5,1,5,5,5
"j8eht2iu",10520027,"denmark",1,1,1,1,1,1,7,2,7,2,7,5,7,7,1,1,1,3,1,1,4,2,4,4,3,4,2,3,2,1,1,2,1,3,2,4,2,4,4,2
"jia1mktr",10608532,"denmark",5,1,7,7,4,7,5,4,6,6,5,5,6,1,6,1,3,1,1,2,5,5,5,5,1,5,4,5,5,5,5,5,1,5,5,5,1,5,5,5
"jn1iwzwz",10562443,"denmark",5,4,4,5,5,5,1,4,2,5,2,4,2,4,6,4,3,4,4,2,3,2,4,4,2,3,4,4,5,5,4,4,4,4,4,3,4,4,4,4
"juyr2avk",10504964,"denmark",5,2,5,7,7,7,7,7,1,6,1,5,6,6,7,7,5,7,7,3,4,2,5,4,3,5,4,4,5,2,4,3,5,5,3,5,4,4,4,4
"k4v0n0wf",10614890,"denmark",1,1,2,4,5,2,6,1,2,1,1,2,2,7,2,3,4,3,5,2,5,4,5,2,2,4,2,5,3,2,2,2,3,4,4,4,1,3,4,4
"k4v0uvva",10457024,"denmark",2,1,1,7,2,2,7,2,3,5,4,3,5,7,5,1,1,1,1,1,4,4,3,2,4,3,2,4,3,2,1,3,1,4,3,3,1,3,3,4
"k5zwuk9y",10518603,"denmark",1,1,1,5,7,5,1,4,7,5,2,6,2,2,4,4,3,4,2,2,4,1,5,5,2,4,3,4,5,2,2,1,5,4,4,4,1,4,5,5
"k7wgrjeg",10377029,"denmark",5,1,3,5,4,5,7,6,4,6,7,7,3,7,7,1,1,1,1,1,5,1,4,4,1,4,4,5,4,5,3,5,1,4,4,5,4,5,5,4
"kbk39xkv",10287561,"denmark",3,1,2,2,1,5,7,4,6,4,6,4,3,7,3,1,1,1,1,1,4,2,5,4,2,5,4,5,4,4,4,5,2,4,4,4,4,4,4,5
"ko2mar6u",10437502,"denmark",3,2,7,5,5,3,2,2,4,2,1,6,2,6,5,3,3,1,1,3,4,1,5,5,1,5,3,5,5,3,4,5,5,5,5,4,1,4,4,3
"kr0a59mn",10290485,"denmark",2,2,7,6,1,6,6,4,2,6,5,5,5,1,5,1,2,1,1,1,4,1,4,4,1,4,3,5,5,5,3,5,1,5,5,5,2,5,5,5
"l2t1cgro",10693342,"denmark",5,4,6,7,7,7,2,4,2,6,6,2,2,2,4,5,4,5,5,4,5,2,4,5,4,4,3,5,4,3,4,5,4,4,4,3,1,4,4,3
"laqtceow",10542682,"denmark",2,1,3,3,1,4,6,1,1,5,6,5,6,7,7,1,3,1,1,2,5,1,4,4,1,4,3,5,4,4,4,5,2,4,4,4,1,4,4,4
"lq3lemm8",10518772,"denmark",2,2,4,2,6,6,3,5,4,4,1,5,5,6,4,5,4,5,5,2,5,2,4,4,2,4,3,4,3,2,3,3,2,3,2,2,2,3,3,4
"lqpyldyv",10290571,"denmark",4,1,3,5,4,5,7,3,4,6,2,4,7,7,5,1,2,1,2,1,5,3,4,4,2,4,3,5,4,4,3,5,2,4,5,4,2,5,4,5
"lrvtyvqg",10704651,"denmark",4,1,5,7,3,5,7,5,6,3,6,7,2,7,5,1,1,1,1,1,4,1,5,4,3,4,4,4,5,4,3,3,4,5,5,3,2,4,4,5
"mazc46pj",10523219,"denmark",1,1,1,1,2,2,7,2,6,2,5,4,2,7,1,1,1,1,1,1,3,1,3,3,1,4,1,2,4,5,5,2,2,4,5,3,1,2,5,4
"mctgva09",10436052,"denmark",7,2,4,7,7,7,1,7,1,7,1,7,1,7,7,7,5,7,7,7,5,1,5,5,1,5,5,5,5,4,5,5,5,5,5,5,5,5,5,5
"n03wntso",10686897,"denmark",1,1,5,1,2,1,7,3,3,2,3,2,3,2,2,1,1,1,1,2,4,2,4,4,2,4,3,3,4,4,3,4,3,4,3,2,4,3,4,4
"n9rmc9nk",10365100,"denmark",2,1,2,6,5,7,1,2,2,6,2,1,7,6,7,5,1,1,5,3,4,3,4,4,3,4,4,5,4,2,2,3,4,4,5,5,1,4,4,5
"nt8fl9p2",10436308,"denmark",6,4,7,7,7,7,1,5,1,5,1,7,2,4,6,7,6,5,7,6,4,1,5,5,1,4,4,5,5,5,5,5,5,5,4,5,5,5,5,5
"nvfrnxvp",10438250,"denmark",4,1,5,7,6,6,1,3,5,5,1,5,4,3,5,6,4,5,7,3,4,1,4,4,1,4,4,4,4,4,3,4,4,4,4,4,3,4,4,4
"o3skbich",10614893,"denmark",6,5,5,6,5,6,4,7,2,6,1,7,3,7,6,3,2,1,1,1,5,1,5,5,2,4,5,4,4,4,4,4,4,4,4,5,3,4,5,5
"oblic9fw",10437954,"denmark",5,2,3,5,5,7,4,7,3,6,4,7,7,7,5,3,3,1,4,1,4,1,5,5,2,4,3,4,4,4,5,4,1,5,4,5,3,5,5,5
"odrzpohp",10439619,"denmark",1,1,2,2,1,4,3,3,2,3,6,5,7,7,3,2,2,3,3,2,4,2,3,5,3,4,3,4,4,2,2,2,2,4,4,1,1,3,4,2
"orgpeg3n",10609562,"denmark",1,1,1,2,1,2,7,1,4,2,5,1,5,7,1,3,2,4,4,1,4,3,3,4,3,4,1,4,3,2,1,2,1,3,2,1,1,4,4,2
"otmvoloo",10626322,"denmark",6,6,5,6,6,6,2,6,6,6,2,5,2,5,6,3,5,4,3,2,3,2,4,4,2,4,4,4,4,4,4,3,4,4,4,4,4,4,4,4
"ovxe3d15",10343912,"denmark",4,2,2,4,3,3,6,1,5,3,5,7,6,6,5,1,1,1,1,1,3,1,4,5,1,4,3,5,4,5,4,4,1,4,5,5,2,4,5,4
"owpjfn72",10345833,"denmark",2,1,3,1,2,3,7,1,1,1,7,1,1,7,2,1,2,1,1,1,4,1,3,4,1,1,1,5,4,4,3,1,1,5,4,4,2,4,4,5
"p4fepdj0",10689003,"denmark",5,1,2,7,6,5,5,5,3,4,1,5,1,6,4,1,2,1,2,2,4,1,4,4,1,4,4,4,4,5,2,4,4,4,5,5,2,4,4,4
"pjfrae87",10377737,"denmark",3,2,1,1,1,1,7,4,7,5,7,6,7,7,5,2,3,3,3,1,4,1,4,5,1,3,4,5,5,4,2,4,1,4,4,5,2,4,5,4
"pkypstmb",10292493,"denmark",1,1,1,3,3,4,1,3,6,3,7,3,7,7,5,1,1,1,1,1,4,2,4,4,2,4,3,4,4,4,4,4,2,4,4,4,2,5,4,4
"q17cpkp1",10623958,"denmark",7,3,6,6,6,7,1,7,3,6,1,6,3,1,6,7,6,6,7,7,5,1,5,5,1,5,4,5,5,4,4,4,5,5,5,4,4,5,5,4
"q750q9qh",10701268,"denmark",3,3,4,5,4,5,5,6,2,5,5,6,5,7,5,4,4,3,4,2,4,2,4,5,2,4,3,4,4,4,4,5,4,4,3,4,3,3,5,3
"qcbzcdtz",10495515,"denmark",5,4,3,6,5,6,1,6,3,6,4,6,6,1,4,4,3,4,4,3,5,2,5,5,1,5,5,5,5,5,3,5,5,5,5,5,3,5,5,5
"qu52ot0x",10610380,"denmark",2,1,3,2,4,3,2,4,3,3,4,2,5,6,5,1,1,1,1,1,5,4,3,3,3,5,4,4,4,2,2,4,2,4,3,4,2,4,4,5
"r6afv8e6",10391317,"denmark",2,1,2,4,2,5,7,1,3,2,3,2,6,7,3,1,1,1,1,1,2,3,2,2,1,4,1,4,3,4,2,1,1,3,3,3,1,4,3,4
"r6o4dcaq",10446320,"denmark",4,2,1,6,5,6,2,6,5,5,3,6,3,6,7,3,2,1,5,2,4,2,3,4,1,3,4,4,5,4,3,2,4,4,4,5,2,2,4,4
"rd3mxqhj",10693409,"denmark",1,1,1,2,2,1,5,2,1,1,2,6,2,6,2,1,1,1,1,1,3,1,4,4,1,3,2,5,4,4,2,4,1,4,5,3,1,4,4,5
"rjsmlkbp",10627726,"denmark",5,3,6,7,6,6,2,6,2,5,3,7,1,3,7,6,3,3,6,2,5,1,4,5,1,5,5,5,5,5,4,5,5,5,5,5,4,5,5,5
"ru7rgbsy",10415796,"denmark",7,4,6,6,7,7,1,6,2,7,1,7,3,2,4,7,6,6,7,5,5,1,5,4,2,5,4,5,4,4,4,5,5,4,5,4,5,5,5,5
"sm6y0z0h",10345658,"denmark",2,1,7,7,7,6,1,5,1,1,1,5,5,7,7,5,7,2,5,1,5,3,5,3,4,4,4,5,4,2,3,4,2,4,5,3,2,5,4,5
"suxqn0mw",10695583,"denmark",3,1,3,5,5,4,3,2,1,3,2,4,5,6,3,3,3,3,4,2,5,2,4,4,1,4,3,5,4,4,3,5,3,5,4,3,2,5,5,4
"tftnb87e",10600571,"denmark",4,2,5,4,6,6,2,2,5,4,2,5,6,6,4,3,5,2,3,2,5,1,4,4,1,4,4,3,4,4,5,2,3,4,3,4,4,3,4,2
"ufr6k3bs",10696875,"denmark",2,1,1,1,1,3,4,2,6,1,6,2,6,7,1,3,2,4,5,2,3,1,4,4,3,2,3,2,3,1,3,1,2,4,2,2,1,2,4,2
"utfhovs3",10555623,"denmark",6,3,5,3,4,6,3,7,3,5,5,7,5,5,5,2,7,2,2,3,5,1,4,5,1,5,5,4,5,4,5,2,5,5,5,5,3,5,5,5
"uufxunjt",10519926,"denmark",4,2,2,1,2,2,7,2,6,3,6,3,6,1,2,2,2,2,3,1,4,2,4,4,1,4,3,5,4,5,3,5,3,4,4,4,2,3,4,4
"v45hwbzq",10519081,"denmark",1,1,4,7,1,2,4,1,1,5,3,5,7,5,3,1,3,6,5,1,3,2,4,3,1,3,5,5,3,5,3,5,1,4,3,5,1,5,4,5
"v4uvyfek",10484589,"denmark",1,1,1,5,1,2,7,1,1,2,7,1,7,7,1,1,1,1,1,1,3,4,4,2,1,4,3,3,4,4,2,1,1,2,5,4,3,2,3,4
"vaejqxl2",10520806,"denmark",7,6,6,6,7,7,1,7,2,7,2,7,7,1,7,7,7,7,7,4,5,1,5,4,3,5,4,5,5,3,4,5,4,5,5,3,5,5,5,5
"vv4byzxd",10470638,"denmark",7,1,5,7,7,7,3,6,1,7,2,7,5,3,7,2,3,3,3,2,5,1,4,5,1,5,5,5,5,5,5,5,4,5,5,5,4,5,5,5
"vxupoi0z",10289876,"denmark",3,1,5,6,5,6,3,1,5,4,3,6,4,7,5,1,1,6,5,3,4,1,3,4,1,4,2,4,4,4,2,2,5,5,4,5,1,5,5,5
"w86hqr6l",10327289,"denmark",3,1,1,2,4,5,7,5,4,6,6,4,7,7,2,1,1,1,1,1,5,2,5,3,1,4,5,5,4,5,5,2,1,4,4,4,1,4,4,5
"wat3eo5h",10435897,"denmark",4,1,1,2,1,2,6,4,6,2,6,2,3,7,3,1,1,1,1,1,4,1,4,4,1,4,4,5,4,4,3,3,4,4,2,5,1,2,4,2
"wbhsi6qp",10495811,"denmark",4,1,1,7,7,7,1,3,1,5,1,5,1,6,5,7,4,5,7,3,4,2,4,4,4,4,3,2,4,2,5,2,4,5,5,3,1,4,4,5
"wbycc0x3",10322714,"denmark",3,1,1,2,5,6,2,1,1,4,1,1,2,3,1,5,3,5,6,3,1,5,3,1,2,1,1,4,4,2,1,4,2,4,3,4,1,4,4,3
"wn2ms4r3",10289423,"denmark",3,1,5,5,5,6,1,5,2,5,1,6,3,3,7,7,5,7,7,4,4,4,5,5,1,4,4,4,4,3,4,4,5,4,5,4,5,4,5,4
"xuhhp9e2",10353631,"denmark",4,2,6,5,6,7,3,6,1,5,3,5,2,6,5,1,3,3,6,2,5,2,4,4,4,5,4,4,5,5,4,4,4,3,5,5,4,5,4,4
"y69w3ntn",10694443,"denmark",3,1,1,6,2,2,7,2,6,2,6,5,5,7,6,1,1,1,1,1,4,2,5,4,4,4,3,5,4,4,4,3,2,4,4,4,1,4,4,5
"y7vc2tar",10362812,"denmark",2,1,2,5,2,1,7,2,4,2,7,4,2,7,2,1,3,1,1,2,5,3,5,2,1,3,1,5,3,4,2,4,4,4,4,2,1,5,4,4
"yfuvyjfn",10698703,"denmark",7,1,5,7,7,7,1,4,3,6,1,4,2,7,5,7,7,6,7,4,4,1,5,4,2,3,4,5,2,4,3,4,4,3,5,3,5,5,4,5
"zlm7ezbc",10635092,"denmark",7,1,4,7,4,2,3,5,4,3,7,7,1,7,7,1,1,1,2,1,4,1,5,5,1,4,3,5,5,5,4,3,3,5,5,4,4,5,5,5
"zwg8ihv8",10499307,"denmark",1,1,1,3,1,2,7,1,6,2,5,2,5,7,1,3,2,4,4,1,4,3,3,2,3,4,1,2,3,2,1,4,1,2,1,2,1,3,4,2
